΂̍Un,,normal,kj1
̍Un,,normal,kj1
y̍Un,y,normal,kj1
̍Un,,normal,kj1
̍Un,,normal,kj1
ł̍Un,,normal,kj1
Ɖ΂̍Un,,normal,kj2
Q̍Un,,normal,kj2
n̍Un,y,normal,kj2
̍Un,,normal,kj2
d̍Un,,normal,kj2
̍Un,,normal,kj2
g@̍Un,,normal,kj3
X̍Un,,normal,kj3
n̍Un,y,normal,kj3
C̍Un,,normal,kj3
V̍Un,,normal,kj3
ޗ̍Un,,normal,kj3
g@̍UnII,,normal,kjt
X̍UnII,,normal,kjt
n̍UnII,y,normal,kjt
C̍UnII,,normal,kjt
V̍UnII,,normal,kjt
ޗ̍UnII,,normal,kjt
΂̔w,,normal,bw1
̔w,,normal,bw1
y̔w,y,normal,bw1
̔w,,normal,bw1
̔w,,normal,bw1
ł̔w,,normal,bw1
Ɖ΂̔w,,normal,bw2
Q̔w,,normal,bw2
n̔w,y,normal,bw2
̔w,,normal,bw2
d̔w,,normal,bw2
̔w,,normal,bw2
g@̔w,,normal,bw3
X̔w,,normal,bw3
n̔w,y,normal,bw3
C̔w,,normal,bw3
V̔w,,normal,bw3
ޗ̔w,,normal,bw3
Ɖ΂̗,,normal,kj2
Q̗,,normal,kj2
n̗,y,normal,kj2
̗,,normal,kj2
d̗,,normal,kj2
̗,,normal,kj2
Ɖ΂̙,,normal,kj2
Q̙,,normal,kj2
n̙,y,normal,kj2
̙,,normal,kj2
d̙,,normal,kj2
̙,,normal,kj2
g@̖\N,,normal,kj3
X̖\N,,normal,kj3
n̖\N,y,normal,kj3
C̖\N,,normal,kj3
V̖\N,,normal,kj3
ޗ̖\N,,normal,kj3
΂̐_,,normal,kj1
̐_,,normal,kj1
y̐_,y,normal,kj1
̐_,,normal,kj1
̐_,,normal,kj1
ł̐_,,normal,kj1
g@̟Ӑg,,normal,ks3
X̟Ӑg,,normal,ks3
n̟Ӑg,y,normal,ks3
C̟Ӑg,,normal,ks3
V̟Ӑg,,normal,ks3
ޗ̟Ӑg,,normal,ks3
