‹@‰Š•ûwEUn,‰Î,magna,kj2
ŠC_•ûwEUn,…,magna,kj2
‘n÷•ûwEUn,“y,magna,kj2
—’—³•ûwEUn,•—,magna,kj2
‹R‰ğ•ûwEUn,Œõ,magna,kj2
•–¶•ûwEUn,ˆÅ,magna,kj2
‹@‰Š•ûwEUnII,‰Î,magna,kj3
ŠC_•ûwEUnII,…,magna,kj3
‘n÷•ûwEUnII,“y,magna,kj3
—’—³•ûwEUnII,•—,magna,kj3
‹R‰ğ•ûwEUnII,Œõ,magna,kj3
•–¶•ûwEUnII,ˆÅ,magna,kj3
‹@‰Š•ûwE”w…,‰Î,magna,bw1
ŠC_•ûwE”w…,…,magna,bw1
‘n÷•ûwE”w…,“y,magna,bw1
—’—³•ûwE”w…,•—,magna,bw1
‹R‰ğ•ûwE”w…,Œõ,magna,bw1
•–¶•ûwE”w…,ˆÅ,magna,bw1
‹@‰Š•ûwE”w…II,‰Î,magna,bw3
ŠC_•ûwE”w…II,…,magna,bw3
‘n÷•ûwE”w…II,“y,magna,bw3
—’—³•ûwE”w…II,•—,magna,bw3
‹R‰ğ•ûwE”w…II,Œõ,magna,bw3
•–¶•ûwE”w…II,ˆÅ,magna,bw3
‹@‰Š•ûwE—…™‹,‰Î,magna,kj2
ŠC_•ûwE—…™‹,…,magna,kj2
‘n÷•ûwE—…™‹,“y,magna,kj2
—’—³•ûwE—…™‹,•—,magna,kj2
‹R‰ğ•ûwE—…™‹,Œõ,magna,kj2
•–¶•ûwE—…™‹,ˆÅ,magna,kj2
‹@‰Š•ûwE™‹“ß,‰Î,magna,kj2
ŠC_•ûwE™‹“ß,…,magna,kj2
‘n÷•ûwE™‹“ß,“y,magna,kj2
—’—³•ûwE™‹“ß,•—,magna,kj2
‹R‰ğ•ûwE™‹“ß,Œõ,magna,kj2
•–¶•ûwE™‹“ß,ˆÅ,magna,kj2
‹@‰Š•ûwE_ˆĞ,‰Î,magna,kj1
ŠC_•ûwE_ˆĞ,…,magna,kj1
‘n÷•ûwE_ˆĞ,“y,magna,kj1
—’—³•ûwE_ˆĞ,•—,magna,kj1
‹R‰ğ•ûwE_ˆĞ,Œõ,magna,kj1
•–¶•ûwE_ˆĞ,ˆÅ,magna,kj1
